{
"max_players": 8, 
"server_port": "7778",

"map_path":  "maps/",
"map_name": "track_01.json",
"plugins_path":"plugins/",

"time_to_start": 3,

"server_frames": 60,
"socket_pending_connections":10,
"max_len_name":20,

"modifier_spawn_prob": 0.005,
"mod_oil_prob": 0.2,
"mod_mud_prob": 0.2,
"mod_fix_prob": 0.2,
"mod_rock_prob": 0.2,
"mod_boost_prob": 0.2,

"respawn_time": 1, 

"max_life":100,
"max_forward_speed":120,
"max_backward_speed":-20,
"back_wheel_max_force":120,
"front_wheel_max_force":150,
"back_max_lateral_impulse":8.5,
"front_max_lateral_impulse":7.5,

"use_dynamic_objects":true
}
